,City,Lat,Lon,Temp,Humidity,Cloudiness,Wind Speed,Country,Date
0,Chokurdakh,70.63,147.92,29.84,97,53,9.66,RU,<class 'datetime.date'>
1,San Jose,37.34,-121.89,60.55,82,20,8.05,US,<class 'datetime.date'>
2,Touros,-5.2,-35.46,73.4,94,40,3.36,BR,<class 'datetime.date'>
3,Rikitea,-23.12,-134.97,75.58,69,51,5.37,PF,<class 'datetime.date'>
4,College,64.86,-147.8,71.19,20,75,3.36,US,<class 'datetime.date'>
5,Carnarvon,-24.87,113.63,76.89,48,100,11.54,AU,<class 'datetime.date'>
6,Vaini,-21.2,-175.2,77.0,94,75,6.93,TO,<class 'datetime.date'>
7,Dikson,73.51,80.55,29.17,97,94,23.44,RU,<class 'datetime.date'>
8,Saskylakh,71.92,114.08,27.55,97,100,6.64,RU,<class 'datetime.date'>
9,Hasaki,35.73,140.83,73.54,88,75,9.17,JP,<class 'datetime.date'>
10,Deputatsky,69.3,139.9,28.6,99,86,7.2,RU,<class 'datetime.date'>
11,Yellowknife,62.46,-114.35,30.09,63,5,13.87,CA,<class 'datetime.date'>
12,Port Elizabeth,-33.92,25.57,51.8,100,0,3.36,ZA,<class 'datetime.date'>
13,Barrow,71.29,-156.79,30.2,92,1,3.36,US,<class 'datetime.date'>
14,Ushuaia,-54.8,-68.3,41.0,86,30,1.48,AR,<class 'datetime.date'>
15,Saint-Philippe,-21.36,55.77,69.42,83,75,11.41,RE,<class 'datetime.date'>
16,Busselton,-33.65,115.33,63.9,36,57,2.98,AU,<class 'datetime.date'>
17,Nome,64.5,-165.41,53.78,46,1,11.41,US,<class 'datetime.date'>
18,Bani Walid,31.76,13.99,67.33,37,82,5.17,LY,<class 'datetime.date'>
19,Torbay,47.67,-52.73,45.59,93,90,33.33,CA,<class 'datetime.date'>
20,Ürümqi,43.8,87.6,73.4,17,98,8.95,CN,<class 'datetime.date'>
21,Matara,5.95,80.54,86.99,72,100,3.18,LK,<class 'datetime.date'>
22,Siyabuswa,-25.11,29.04,54.48,86,0,1.66,ZA,<class 'datetime.date'>
23,Kamaishi,39.27,141.88,60.8,87,75,5.82,JP,<class 'datetime.date'>
24,Mataura,-46.19,168.86,60.1,73,45,2.55,NZ,<class 'datetime.date'>
25,Bethel,41.37,-73.41,33.58,69,1,8.05,US,<class 'datetime.date'>
26,Souillac,-20.52,57.52,75.2,73,40,13.87,MU,<class 'datetime.date'>
27,São João da Barra,-21.64,-41.05,68.2,66,2,4.52,BR,<class 'datetime.date'>
28,Salalah,17.02,54.09,82.4,78,40,6.93,OM,<class 'datetime.date'>
29,Thompson,55.74,-97.86,26.6,63,40,13.87,CA,<class 'datetime.date'>
30,Nikolskoye,59.7,30.79,41.94,60,63,4.47,RU,<class 'datetime.date'>
31,Ancud,-41.87,-73.82,49.01,87,75,12.75,CL,<class 'datetime.date'>
32,Ennis,52.84,-8.99,51.8,93,90,9.17,IE,<class 'datetime.date'>
33,Pangnirtung,66.15,-65.71,21.94,92,100,11.16,CA,<class 'datetime.date'>
34,Punta Arenas,-53.15,-70.92,43.43,93,90,1.54,CL,<class 'datetime.date'>
35,Sorong,-0.88,131.25,87.67,71,98,11.1,ID,<class 'datetime.date'>
36,Chara,56.91,118.26,39.22,70,100,4.05,RU,<class 'datetime.date'>
37,Hermanus,-34.42,19.23,55.99,83,0,5.97,ZA,<class 'datetime.date'>
38,Kasama,-10.21,31.18,51.35,91,0,3.78,ZM,<class 'datetime.date'>
39,Atuona,-9.8,-139.03,80.91,78,84,16.55,PF,<class 'datetime.date'>
40,Tiksi,71.69,128.87,26.58,95,1,7.4,RU,<class 'datetime.date'>
41,Brezovo,42.35,25.08,48.7,87,5,0.89,BG,<class 'datetime.date'>
42,Kolokani,13.57,-8.03,85.44,47,7,11.86,ML,<class 'datetime.date'>
43,Nizhneangarsk,55.78,109.55,33.67,94,100,11.92,RU,<class 'datetime.date'>
44,Dubai,25.26,55.3,78.28,69,23,5.82,AE,<class 'datetime.date'>
45,Half Moon Bay,37.46,-122.43,54.41,87,90,3.36,US,<class 'datetime.date'>
46,East London,-33.02,27.91,57.2,67,0,1.12,ZA,<class 'datetime.date'>
47,Takoradze,4.88,-1.76,79.84,90,93,6.8,GH,<class 'datetime.date'>
48,Turukhansk,65.82,87.98,37.38,77,86,6.31,RU,<class 'datetime.date'>
49,Cape Town,-33.93,18.42,55.4,100,75,4.7,ZA,<class 'datetime.date'>
50,Avarua,-21.21,-159.78,80.6,78,8,14.99,CK,<class 'datetime.date'>
51,Rio Grande,-32.03,-52.1,59.47,74,0,8.41,BR,<class 'datetime.date'>
52,Lebu,-37.62,-73.65,56.25,86,94,10.25,CL,<class 'datetime.date'>
53,Monywa,22.12,95.13,98.82,21,0,6.82,MM,<class 'datetime.date'>
54,Saint Paul Harbor,57.79,-152.41,46.4,75,90,4.7,US,<class 'datetime.date'>
55,Sept-Îles,50.2,-66.38,41.58,48,90,13.87,CA,<class 'datetime.date'>
56,Larkana,27.56,68.21,86.0,58,0,4.7,PK,<class 'datetime.date'>
57,Vrangel',42.73,133.08,47.35,97,100,1.28,RU,<class 'datetime.date'>
58,Iqaluit,63.75,-68.51,30.09,80,90,13.87,CA,<class 'datetime.date'>
59,Ayna,-12.65,-73.92,59.67,66,99,1.9,PE,<class 'datetime.date'>
60,Kaitangata,-46.28,169.85,55.99,77,80,4.0,NZ,<class 'datetime.date'>
61,Port Alfred,-33.59,26.89,64.0,74,0,8.21,ZA,<class 'datetime.date'>
62,Sitka,57.05,-135.33,69.8,28,75,4.7,US,<class 'datetime.date'>
63,Saint-Augustin,51.23,-58.65,35.35,95,100,19.93,CA,<class 'datetime.date'>
64,Salinópolis,-0.61,-47.36,79.05,85,97,8.19,BR,<class 'datetime.date'>
65,Puerto Ayora,-0.74,-90.35,77.0,94,6,3.0,EC,<class 'datetime.date'>
66,Clyde River,70.47,-68.59,1.4,84,1,16.11,CA,<class 'datetime.date'>
67,Khatanga,71.97,102.5,30.79,98,90,12.86,RU,<class 'datetime.date'>
68,Mayumba,-3.43,10.66,78.53,88,93,3.02,GA,<class 'datetime.date'>
69,Bredasdorp,-34.53,20.04,51.8,93,0,4.7,ZA,<class 'datetime.date'>
70,Sitges,41.24,1.81,61.9,96,49,4.9,ES,<class 'datetime.date'>
71,Chui,-33.7,-53.46,54.59,82,13,8.21,UY,<class 'datetime.date'>
72,Ribeira Grande,38.52,-28.7,59.23,71,25,23.58,PT,<class 'datetime.date'>
73,Yumen,40.28,97.2,53.4,37,20,19.86,CN,<class 'datetime.date'>
74,Tuktoyaktuk,69.45,-133.04,37.4,74,20,16.11,CA,<class 'datetime.date'>
75,Norman Wells,65.28,-126.83,46.4,49,5,17.22,CA,<class 'datetime.date'>
76,Kempele,64.91,25.5,32.9,84,74,9.17,FI,<class 'datetime.date'>
77,Coahuayana Viejo,18.73,-103.68,75.22,82,0,0.96,MX,<class 'datetime.date'>
78,Thoen,17.61,99.22,101.05,39,45,2.39,TH,<class 'datetime.date'>
79,Albany,42.6,-73.97,37.49,63,49,1.99,US,<class 'datetime.date'>
80,Angoche,-16.23,39.91,72.99,84,62,9.73,MZ,<class 'datetime.date'>
81,Provideniya,64.38,-173.3,36.07,91,100,30.04,RU,<class 'datetime.date'>
82,Formosa do Rio Preto,-11.05,-45.19,67.3,93,99,4.56,BR,<class 'datetime.date'>
83,Husavik,66.04,-17.34,23.0,73,0,13.87,IS,<class 'datetime.date'>
84,Bud,39.45,-86.18,44.67,60,1,5.82,US,<class 'datetime.date'>
85,Santa Cruz de la Sierra,-17.8,-63.17,66.2,77,0,8.05,BO,<class 'datetime.date'>
86,Batagay-Alyta,67.8,130.41,25.88,95,100,2.86,RU,<class 'datetime.date'>
87,Bratsk,56.13,101.61,60.8,48,100,20.13,RU,<class 'datetime.date'>
88,Camacha,33.08,-16.33,62.6,72,40,13.87,PT,<class 'datetime.date'>
89,San Patricio,19.22,-104.7,73.92,79,0,3.38,MX,<class 'datetime.date'>
90,Jamestown,42.1,-79.24,37.4,59,90,10.29,US,<class 'datetime.date'>
91,Jinxiang,22.86,115.7,89.56,63,34,10.67,CN,<class 'datetime.date'>
92,Qaanaaq,77.48,-69.36,9.0,83,99,5.55,GL,<class 'datetime.date'>
93,George Town,5.41,100.34,85.14,84,40,3.36,MY,<class 'datetime.date'>
94,Nizhniy Kuranakh,58.84,125.49,45.93,55,62,3.6,RU,<class 'datetime.date'>
95,Luang Prabang,19.89,102.13,82.4,74,40,2.24,LA,<class 'datetime.date'>
96,Shache,38.42,77.24,71.04,40,37,5.41,CN,<class 'datetime.date'>
97,Cherskiy,68.75,161.3,43.74,60,100,13.15,RU,<class 'datetime.date'>
98,Hobart,-42.88,147.33,52.52,40,75,13.87,AU,<class 'datetime.date'>
99,Faya,18.39,42.45,63.5,72,69,3.09,SA,<class 'datetime.date'>
100,Marsá Maţrūḩ,31.35,27.25,55.4,82,0,8.75,EG,<class 'datetime.date'>
101,Luga,58.74,29.85,41.07,68,9,3.4,RU,<class 'datetime.date'>
102,Kailua,21.4,-157.74,77.68,48,40,14.99,US,<class 'datetime.date'>
103,Cabo San Lucas,22.89,-109.91,71.13,78,5,12.88,MX,<class 'datetime.date'>
104,Rosarito,32.33,-117.03,64.31,82,1,6.93,MX,<class 'datetime.date'>
105,Kismayo,-0.36,42.55,79.95,84,95,11.63,SO,<class 'datetime.date'>
106,Buala,-8.14,159.59,85.91,71,53,5.73,SB,<class 'datetime.date'>
107,Petropavlovsk-Kamchatskiy,53.05,158.65,48.2,34,10,22.37,RU,<class 'datetime.date'>
108,Portsmouth,50.8,-1.09,54.0,76,90,9.06,GB,<class 'datetime.date'>
109,Andenes,69.31,16.12,30.2,80,64,5.82,NO,<class 'datetime.date'>
110,Melfi,41.0,15.65,55.4,100,75,5.82,IT,<class 'datetime.date'>
111,Ponta do Sol,32.67,-17.1,60.19,68,40,11.41,PT,<class 'datetime.date'>
112,Acapulco de Juárez,16.86,-99.89,82.4,74,5,3.18,MX,<class 'datetime.date'>
113,Teahupoo,-17.83,-149.27,84.2,70,61,3.36,PF,<class 'datetime.date'>
114,Vila Velha,-20.33,-40.29,63.34,93,40,1.12,BR,<class 'datetime.date'>
115,Katsuura,35.13,140.3,70.45,94,90,16.11,JP,<class 'datetime.date'>
116,Tegul'det,57.31,88.17,75.88,39,42,3.65,RU,<class 'datetime.date'>
117,Fairbanks,64.84,-147.72,72.32,20,1,4.7,US,<class 'datetime.date'>
118,Dondo,-19.61,34.74,68.0,100,75,8.05,MZ,<class 'datetime.date'>
119,Nishihara,26.18,127.76,81.32,69,40,9.17,JP,<class 'datetime.date'>
120,Havre-St-Pierre,50.23,-63.6,37.4,91,90,6.93,CA,<class 'datetime.date'>
121,Anshun,26.25,105.93,71.38,65,73,5.46,CN,<class 'datetime.date'>
122,Puerto Escondido,15.85,-97.07,83.89,70,0,3.53,MX,<class 'datetime.date'>
123,Kusa,55.34,59.44,63.55,51,100,2.62,RU,<class 'datetime.date'>
124,Örnsköldsvik,63.29,18.72,32.0,93,100,4.7,SE,<class 'datetime.date'>
125,San Ramon,37.78,-121.98,55.53,82,90,6.93,US,<class 'datetime.date'>
126,Vila Franca do Campo,37.72,-25.43,60.8,93,75,17.22,PT,<class 'datetime.date'>
127,Hithadhoo,-0.6,73.08,84.92,74,93,10.54,MV,<class 'datetime.date'>
128,Cidreira,-30.18,-50.21,62.02,79,0,7.54,BR,<class 'datetime.date'>
129,Brewster,41.4,-73.62,32.77,93,1,8.05,US,<class 'datetime.date'>
130,Pisco,-13.7,-76.22,66.11,82,25,6.93,PE,<class 'datetime.date'>
131,Rocha,-34.48,-54.33,50.88,84,0,7.99,UY,<class 'datetime.date'>
132,Port Blair,11.67,92.75,86.27,73,56,8.72,IN,<class 'datetime.date'>
133,Comodoro Rivadavia,-45.87,-67.5,55.4,62,100,10.29,AR,<class 'datetime.date'>
134,Hualmay,-11.1,-77.61,66.72,86,35,10.11,PE,<class 'datetime.date'>
135,Tual,-5.67,132.75,83.46,76,87,17.27,ID,<class 'datetime.date'>
136,Mahajanga,-15.72,46.32,75.2,73,20,6.93,MG,<class 'datetime.date'>
137,Khasan,42.43,130.64,61.77,60,100,8.7,RU,<class 'datetime.date'>
138,Zhangye,38.93,100.45,53.37,37,54,16.53,CN,<class 'datetime.date'>
139,Walvis Bay,-22.96,14.51,71.11,36,0,3.76,NA,<class 'datetime.date'>
140,Qui Nhon,13.77,109.23,86.74,65,83,13.02,VN,<class 'datetime.date'>
141,Kiryat Gat,31.61,34.76,60.75,79,5,5.46,IL,<class 'datetime.date'>
142,Malé,4.17,73.51,87.8,79,20,9.17,MV,<class 'datetime.date'>
143,Kavieng,-2.57,150.8,85.46,78,86,13.94,PG,<class 'datetime.date'>
144,Storforshei,66.4,14.52,27.21,91,100,3.29,NO,<class 'datetime.date'>
145,Great Bend,38.36,-98.76,47.05,81,1,4.14,US,<class 'datetime.date'>
146,Olafsvik,64.89,-23.71,38.07,73,0,11.43,IS,<class 'datetime.date'>
147,Fenoarivo,-18.93,47.44,60.8,82,75,8.05,MG,<class 'datetime.date'>
148,Iwanai,42.97,140.51,53.49,88,100,6.64,JP,<class 'datetime.date'>
149,Hilo,19.73,-155.09,74.1,57,90,4.7,US,<class 'datetime.date'>
150,Vicuña,-30.03,-70.71,45.0,60,0,1.34,CL,<class 'datetime.date'>
151,Hambantota,6.12,81.12,87.8,84,20,3.36,LK,<class 'datetime.date'>
152,Vaxjo,56.88,14.81,43.34,93,71,3.36,SE,<class 'datetime.date'>
153,Fare,-16.7,-151.02,82.58,80,85,16.44,PF,<class 'datetime.date'>
154,Namatanai,-3.67,152.43,86.83,69,31,10.56,PG,<class 'datetime.date'>
155,Padang,-0.95,100.35,87.33,61,57,4.32,ID,<class 'datetime.date'>
156,Lavrentiya,65.58,-171.0,36.07,89,100,10.25,RU,<class 'datetime.date'>
157,Cabedelo,-6.98,-34.83,73.4,94,29,4.7,BR,<class 'datetime.date'>
158,Bandarbeyla,9.49,50.81,82.24,72,50,7.78,SO,<class 'datetime.date'>
159,Ocós,14.51,-92.19,82.4,78,40,3.36,GT,<class 'datetime.date'>
160,Labuan,5.28,115.24,89.29,75,75,2.24,MY,<class 'datetime.date'>
161,Barra de Tecoanapa,16.52,-98.75,80.37,79,0,4.72,MX,<class 'datetime.date'>
162,Salisbury,51.07,-1.8,50.02,71,90,8.05,GB,<class 'datetime.date'>
163,Bluff,-46.6,168.33,59.32,74,45,6.04,NZ,<class 'datetime.date'>
164,Kapaa,22.08,-159.32,74.52,73,75,17.22,US,<class 'datetime.date'>
165,Opuwo,-18.06,13.84,60.44,50,0,7.83,NA,<class 'datetime.date'>
166,Jumla,29.27,82.18,64.0,79,53,1.99,NP,<class 'datetime.date'>
167,Quthing,-30.4,27.7,45.7,56,0,2.06,LS,<class 'datetime.date'>
168,Beringovskiy,63.05,179.32,34.0,93,100,31.0,RU,<class 'datetime.date'>
169,Vila do Maio,15.13,-23.22,71.6,73,40,14.99,CV,<class 'datetime.date'>
170,Druzhba,52.04,33.95,47.64,81,100,8.43,UA,<class 'datetime.date'>
171,Praia,14.92,-23.51,71.6,73,40,14.99,CV,<class 'datetime.date'>
172,Copiapó,-27.37,-70.33,57.2,82,10,3.36,CL,<class 'datetime.date'>
173,Mahébourg,-20.41,57.7,75.2,73,40,13.87,MU,<class 'datetime.date'>
174,Mana,5.66,-53.78,77.63,90,94,9.08,GF,<class 'datetime.date'>
175,Zhangaözen,43.3,52.8,61.84,60,100,16.26,KZ,<class 'datetime.date'>
176,Taoudenni,22.68,-3.98,90.01,11,0,10.18,ML,<class 'datetime.date'>
177,Pringsewu,-5.36,104.97,85.71,76,95,1.28,ID,<class 'datetime.date'>
178,Mossamedes,-15.2,12.15,78.64,49,85,2.24,AO,<class 'datetime.date'>
179,New Norfolk,-42.78,147.06,50.32,70,74,1.99,AU,<class 'datetime.date'>
180,Pevek,69.7,170.31,35.31,83,100,14.41,RU,<class 'datetime.date'>
181,Talnakh,69.49,88.4,32.0,97,40,20.13,RU,<class 'datetime.date'>
182,Faanui,-16.48,-151.75,81.81,81,42,17.63,PF,<class 'datetime.date'>
183,Coquimbo,-29.95,-71.34,51.8,87,0,2.24,CL,<class 'datetime.date'>
184,Grindavik,63.84,-22.43,33.8,64,5,3.36,IS,<class 'datetime.date'>
185,Kaitong,44.81,123.15,69.44,22,17,17.87,CN,<class 'datetime.date'>
186,Neuquén,-38.95,-68.06,68.0,43,61,17.22,AR,<class 'datetime.date'>
187,Pierre,44.37,-100.35,34.25,80,40,10.29,US,<class 'datetime.date'>
188,Altagracia de Orituco,9.86,-66.38,73.18,85,95,5.41,VE,<class 'datetime.date'>
189,Necochea,-38.55,-58.74,50.0,91,2,8.01,AR,<class 'datetime.date'>
190,Gushikawa,26.35,127.87,81.52,78,20,13.87,JP,<class 'datetime.date'>
191,Verkhnevilyuysk,63.45,120.32,47.73,47,0,7.4,RU,<class 'datetime.date'>
192,Krasnyye Baki,57.13,45.16,56.62,89,99,8.75,RU,<class 'datetime.date'>
193,Butaritari,3.07,172.79,84.04,74,69,5.66,KI,<class 'datetime.date'>
194,Whakatane,-37.96,176.99,64.99,72,0,1.99,NZ,<class 'datetime.date'>
195,Morwell,-38.23,146.4,55.0,73,26,5.99,AU,<class 'datetime.date'>
196,Port-Gentil,-0.72,8.78,82.22,80,94,7.67,GA,<class 'datetime.date'>
197,Roald,62.58,6.13,37.26,55,100,13.87,NO,<class 'datetime.date'>
198,Cockburn Town,21.46,-71.14,80.87,85,0,16.67,TC,<class 'datetime.date'>
199,Ilhabela,-23.78,-45.36,66.78,80,12,6.78,BR,<class 'datetime.date'>
200,Arraial do Cabo,-22.97,-42.03,70.23,72,0,11.81,BR,<class 'datetime.date'>
201,Severo-Kuril'sk,50.68,156.12,34.81,86,84,17.0,RU,<class 'datetime.date'>
202,Bilibino,68.05,166.44,36.9,80,100,17.36,RU,<class 'datetime.date'>
203,Santa Cruz del Sur,20.71,-78.0,81.95,78,100,5.28,CU,<class 'datetime.date'>
204,Alofi,-19.06,-169.92,84.2,74,100,8.05,NU,<class 'datetime.date'>
205,Havelock,34.88,-76.9,44.96,75,1,5.93,US,<class 'datetime.date'>
206,Palu,-0.89,119.87,87.15,69,62,3.31,ID,<class 'datetime.date'>
207,Dingle,11.0,122.67,94.89,45,91,8.32,PH,<class 'datetime.date'>
208,Borovoy,55.43,86.08,69.8,43,2,2.24,RU,<class 'datetime.date'>
209,Olinda,-8.01,-34.86,78.8,78,40,4.7,BR,<class 'datetime.date'>
210,Ilulissat,69.22,-51.1,30.2,86,100,5.82,GL,<class 'datetime.date'>
211,Airai,-8.93,125.41,71.11,69,58,4.52,TL,<class 'datetime.date'>
212,Khovd,48.01,91.64,55.0,31,0,4.79,MN,<class 'datetime.date'>
213,Yantongshan,43.29,126.01,72.32,41,0,13.06,CN,<class 'datetime.date'>
214,San Vicente,-26.62,-54.13,54.39,81,0,4.23,AR,<class 'datetime.date'>
215,Ust-Kuyga,70.02,135.6,32.85,95,100,7.61,RU,<class 'datetime.date'>
216,Carutapera,-1.2,-46.02,75.92,93,100,3.94,BR,<class 'datetime.date'>
217,Tabou,4.42,-7.35,79.52,88,95,8.16,CI,<class 'datetime.date'>
218,Sarkand,45.41,79.92,68.47,46,100,7.27,KZ,<class 'datetime.date'>
219,Marang,5.21,103.21,89.29,75,40,4.7,MY,<class 'datetime.date'>
220,Bubaque,11.28,-15.83,77.94,74,100,12.1,GW,<class 'datetime.date'>
221,Umm Hājar,13.3,19.7,78.62,14,4,10.09,TD,<class 'datetime.date'>
222,Tasiilaq,65.61,-37.64,32.0,86,18,13.87,GL,<class 'datetime.date'>
223,Baie-Comeau,49.22,-68.15,41.0,48,90,10.29,CA,<class 'datetime.date'>
224,Cukai,4.25,103.42,84.09,89,40,3.36,MY,<class 'datetime.date'>
225,Constitución,-35.33,-72.42,55.36,86,25,4.12,CL,<class 'datetime.date'>
226,Yulara,-25.24,130.99,64.4,34,93,14.99,AU,<class 'datetime.date'>
227,Bereket,39.24,55.52,78.31,31,45,19.82,TM,<class 'datetime.date'>
228,Plouzané,48.38,-4.62,54.84,93,90,5.82,FR,<class 'datetime.date'>
229,Rexburg,43.83,-111.79,52.66,32,1,5.55,US,<class 'datetime.date'>
230,Nuuk,64.18,-51.72,42.4,73,79,12.75,GL,<class 'datetime.date'>
231,Maputo,-25.97,32.59,65.77,88,40,4.7,MZ,<class 'datetime.date'>
232,Kapit,2.02,112.93,95.58,49,100,1.74,MY,<class 'datetime.date'>
233,Ha Giang,22.83,104.98,98.91,42,2,3.62,VN,<class 'datetime.date'>
234,Pacific Grove,36.62,-121.92,54.64,82,90,1.07,US,<class 'datetime.date'>
235,Te Anau,-45.42,167.72,57.67,65,98,5.41,NZ,<class 'datetime.date'>
236,Sampit,-2.53,112.95,94.86,51,43,2.15,ID,<class 'datetime.date'>
237,Chilca,-12.52,-76.74,69.8,73,26,12.75,PE,<class 'datetime.date'>
238,Ponta Delgada,37.73,-25.67,60.8,93,75,17.22,PT,<class 'datetime.date'>
239,Kutum,14.2,24.67,66.88,19,2,9.95,SD,<class 'datetime.date'>
240,Wad Rāwah,15.16,33.14,84.97,12,82,13.33,SD,<class 'datetime.date'>
241,Ca Mau,9.18,105.15,96.44,44,100,8.25,VN,<class 'datetime.date'>
242,Selma,36.57,-119.61,82.51,44,1,1.16,US,<class 'datetime.date'>
243,Nelson Bay,-32.72,152.15,64.74,25,0,11.41,AU,<class 'datetime.date'>
244,Caravelas,-17.71,-39.25,70.68,78,31,9.64,BR,<class 'datetime.date'>
245,Itarema,-2.92,-39.92,75.36,87,25,4.38,BR,<class 'datetime.date'>
246,Young,-32.68,-57.63,57.99,78,64,1.01,UY,<class 'datetime.date'>
247,Saint George,37.1,-113.58,78.13,14,1,6.93,US,<class 'datetime.date'>
248,Viedma,-40.81,-63.0,59.59,39,43,14.32,AR,<class 'datetime.date'>
249,West Bay,19.37,-81.42,82.99,77,67,3.0,KY,<class 'datetime.date'>
250,Damara,4.96,18.7,73.4,100,20,4.7,CF,<class 'datetime.date'>
251,Kendari,-3.94,122.5,88.47,52,19,3.8,ID,<class 'datetime.date'>
252,Kushmurun,52.45,64.63,69.28,59,100,13.18,KZ,<class 'datetime.date'>
253,Beloha,-25.17,45.05,65.32,86,17,12.39,MG,<class 'datetime.date'>
254,Cervo,43.67,-7.41,55.24,83,100,5.84,ES,<class 'datetime.date'>
255,Lata,40.16,-8.33,51.31,93,40,5.82,PT,<class 'datetime.date'>
256,Nouadhibou,20.93,-17.03,66.38,81,100,22.77,MR,<class 'datetime.date'>
257,Nchelenge,-9.35,28.73,63.48,69,2,7.61,ZM,<class 'datetime.date'>
258,Lebanon,36.21,-86.29,45.23,66,1,4.43,US,<class 'datetime.date'>
259,Asău,46.43,26.4,48.87,93,0,1.12,RO,<class 'datetime.date'>
260,Sioux Lookout,50.1,-91.92,35.6,55,75,6.93,CA,<class 'datetime.date'>
261,Santo Antônio do Leverger,-15.87,-56.08,73.4,78,0,3.29,BR,<class 'datetime.date'>
262,Mackenzie,55.3,-123.17,53.6,27,1,11.41,CA,<class 'datetime.date'>
263,Esperance,-33.87,121.9,64.4,42,0,17.22,AU,<class 'datetime.date'>
264,Los Llanos de Aridane,28.66,-17.92,64.4,72,17,4.7,ES,<class 'datetime.date'>
265,Fortuna,40.6,-124.16,53.42,100,1,6.93,US,<class 'datetime.date'>
266,Hofn,64.25,-15.21,31.64,79,0,3.85,IS,<class 'datetime.date'>
267,Garoowe,8.41,48.48,78.57,70,97,4.14,SO,<class 'datetime.date'>
268,Lima,-12.04,-77.03,69.8,73,14,12.75,PE,<class 'datetime.date'>
269,Puerto Palomas,31.77,-107.62,73.4,25,1,5.82,MX,<class 'datetime.date'>
270,Kaeo,-35.1,173.78,64.99,15,52,7.0,NZ,<class 'datetime.date'>
271,Sola,-13.88,167.55,86.0,70,75,5.82,VU,<class 'datetime.date'>
272,Oranjemund,-28.55,16.43,66.92,38,0,1.41,NA,<class 'datetime.date'>
273,Portland,45.52,-122.68,75.42,36,91,6.53,US,<class 'datetime.date'>
274,Almaznyy,48.04,40.05,50.0,81,40,11.18,RU,<class 'datetime.date'>
275,Lompoc,34.64,-120.46,55.08,93,90,5.82,US,<class 'datetime.date'>
276,Sattahip,12.67,100.9,91.4,70,20,6.93,TH,<class 'datetime.date'>
277,Shihezi,44.3,86.03,79.77,16,99,9.44,CN,<class 'datetime.date'>
278,Kahului,20.89,-156.47,72.32,61,75,16.11,US,<class 'datetime.date'>
279,Broken Hill,-31.95,141.43,57.2,47,40,11.41,AU,<class 'datetime.date'>
280,Iquique,-20.22,-70.14,66.2,68,90,3.36,CL,<class 'datetime.date'>
281,Lüderitz,-26.65,15.16,55.4,82,0,1.12,NA,<class 'datetime.date'>
282,Sisimiut,66.94,-53.67,33.46,92,51,9.93,GL,<class 'datetime.date'>
283,Catabola,-12.15,17.28,57.88,84,89,3.09,AO,<class 'datetime.date'>
284,Roebourne,-20.78,117.13,88.5,20,99,19.13,AU,<class 'datetime.date'>
285,Grafton,42.21,-71.69,33.37,87,1,13.87,US,<class 'datetime.date'>
286,Arona,28.1,-16.68,63.64,72,20,5.82,ES,<class 'datetime.date'>
287,Shitanjing,39.23,106.34,53.56,37,12,18.84,CN,<class 'datetime.date'>
288,Paamiut,61.99,-49.67,42.78,60,88,16.62,GL,<class 'datetime.date'>
289,Kohlu,29.9,69.25,88.61,15,0,9.91,PK,<class 'datetime.date'>
290,Porto Franco,-6.34,-47.4,73.44,94,98,2.57,BR,<class 'datetime.date'>
291,Felanitx,39.47,3.15,63.9,100,75,10.29,ES,<class 'datetime.date'>
292,Sechura,-5.56,-80.82,72.28,77,0,13.67,PE,<class 'datetime.date'>
293,Vanavara,60.34,102.28,55.15,37,13,19.13,RU,<class 'datetime.date'>
294,Diffa,13.32,12.61,80.92,16,34,8.21,NE,<class 'datetime.date'>
295,Tucupita,9.06,-62.05,72.5,92,17,3.27,VE,<class 'datetime.date'>
296,Yushala,57.08,64.26,68.0,37,71,11.18,RU,<class 'datetime.date'>
297,Cururupu,-1.83,-44.87,74.89,95,100,3.04,BR,<class 'datetime.date'>
298,Itaituba,-4.28,-55.98,73.33,95,41,1.19,BR,<class 'datetime.date'>
299,Cayenne,4.93,-52.33,77.0,100,75,10.13,GF,<class 'datetime.date'>
300,Honiara,-9.43,159.95,89.6,70,20,14.99,SB,<class 'datetime.date'>
301,Mnogovershinnyy,53.94,139.92,49.71,54,0,2.71,RU,<class 'datetime.date'>
302,Departamento de Maldonado,-34.67,-54.92,54.97,87,0,3.36,UY,<class 'datetime.date'>
303,Florø,61.6,5.03,33.8,86,98,14.99,NO,<class 'datetime.date'>
304,Andros Town,24.7,-77.77,78.8,74,75,10.29,BS,<class 'datetime.date'>
305,Zhuhai,22.28,113.57,87.66,79,40,13.87,CN,<class 'datetime.date'>
306,Orlik,52.52,99.83,51.06,43,89,4.97,RU,<class 'datetime.date'>
307,Sasaram,24.95,84.01,100.51,14,0,7.96,IN,<class 'datetime.date'>
308,Rāwah,34.48,41.91,69.22,44,0,21.59,IQ,<class 'datetime.date'>
309,Castro,-24.79,-50.01,49.39,90,0,3.87,BR,<class 'datetime.date'>
310,Vardø,70.37,31.11,33.21,94,100,13.35,NO,<class 'datetime.date'>
311,Isangel,-19.55,169.27,78.8,69,75,5.82,VU,<class 'datetime.date'>
312,Tuatapere,-46.13,167.68,61.25,67,94,6.38,NZ,<class 'datetime.date'>
313,Mezen',65.85,44.24,42.85,81,10,7.81,RU,<class 'datetime.date'>
314,Upernavik,72.79,-56.15,15.67,94,100,9.66,GL,<class 'datetime.date'>
315,Woodbridge,40.56,-74.28,39.99,41,1,10.29,US,<class 'datetime.date'>
316,Lékoni,-1.58,14.26,73.29,88,100,6.93,GA,<class 'datetime.date'>
317,Bengkulu,-3.8,102.27,85.77,64,48,4.25,ID,<class 'datetime.date'>
318,Nānākuli,21.39,-158.15,78.44,61,40,13.87,US,<class 'datetime.date'>
319,Sarh,9.14,18.39,84.2,66,86,3.96,TD,<class 'datetime.date'>
320,Aklavik,68.22,-135.01,44.6,52,40,6.93,CA,<class 'datetime.date'>
321,Cerfontaine,50.17,4.41,56.48,100,100,4.7,BE,<class 'datetime.date'>
322,Bathsheba,13.22,-59.52,80.6,69,40,18.34,BB,<class 'datetime.date'>
323,General Pico,-35.66,-63.76,52.48,76,0,6.31,AR,<class 'datetime.date'>
324,Abancay,-13.63,-72.88,58.05,71,100,0.6,PE,<class 'datetime.date'>
325,Natitingou,10.3,1.38,78.8,78,26,2.24,BJ,<class 'datetime.date'>
326,São Filipe,14.9,-24.5,73.04,76,100,10.85,CV,<class 'datetime.date'>
327,Nizwá,22.93,57.53,92.77,13,8,3.22,OM,<class 'datetime.date'>
328,Lashio,22.93,97.75,96.51,22,0,2.28,MM,<class 'datetime.date'>
329,Kruisfontein,-34.0,24.73,62.73,37,0,7.94,ZA,<class 'datetime.date'>
330,Tevaitoa,-16.78,-151.5,81.86,80,24,17.43,PF,<class 'datetime.date'>
331,Bambanglipuro,-7.95,110.28,87.71,64,27,3.94,ID,<class 'datetime.date'>
332,Saldanha,-33.01,17.94,53.6,76,0,1.12,ZA,<class 'datetime.date'>
333,Walker,30.73,-95.57,57.87,77,1,4.81,US,<class 'datetime.date'>
334,Tārānagar,28.67,75.04,100.47,15,20,15.7,IN,<class 'datetime.date'>
335,Ibb,13.97,44.18,67.6,41,28,4.54,YE,<class 'datetime.date'>
336,Luganville,-15.53,167.17,82.4,65,40,11.41,VU,<class 'datetime.date'>
337,Maragogi,-9.01,-35.22,75.56,83,67,2.62,BR,<class 'datetime.date'>
338,Oussouye,12.48,-16.55,72.52,94,75,4.7,SN,<class 'datetime.date'>
339,Weyburn,49.67,-103.85,34.0,61,47,4.0,CA,<class 'datetime.date'>
340,Apodi,-5.66,-37.8,74.95,86,85,8.01,BR,<class 'datetime.date'>
341,Belyye Berega,53.21,34.66,46.4,70,100,8.95,RU,<class 'datetime.date'>
342,Mount Gambier,-37.83,140.77,57.2,71,75,14.99,AU,<class 'datetime.date'>
343,Nikolskiy,60.92,34.06,41.52,74,38,3.09,RU,<class 'datetime.date'>
344,Vao,-22.67,167.48,72.57,65,92,9.44,NC,<class 'datetime.date'>
345,Ahtopol,42.1,27.95,52.86,87,2,4.7,BG,<class 'datetime.date'>
346,Sinnamary,5.38,-52.95,78.06,88,56,11.3,GF,<class 'datetime.date'>
347,Mar del Plata,-38.0,-57.56,51.62,93,0,3.36,AR,<class 'datetime.date'>
348,Longyearbyen,78.22,15.64,15.8,66,40,6.93,SJ,<class 'datetime.date'>
349,Karachi,24.91,67.08,86.0,70,75,13.87,PK,<class 'datetime.date'>
350,Narsaq,60.92,-46.05,53.6,25,1,18.34,GL,<class 'datetime.date'>
351,Lockhart,28.62,-81.44,68.79,83,100,9.66,US,<class 'datetime.date'>
352,Klaksvík,62.23,-6.59,32.0,85,100,23.04,FO,<class 'datetime.date'>
353,Kurduvādi,18.08,75.43,93.49,24,0,8.21,IN,<class 'datetime.date'>
354,Avera,33.19,-82.53,48.65,81,1,3.36,US,<class 'datetime.date'>
355,Hong Kong,22.29,114.16,89.53,62,20,11.41,HK,<class 'datetime.date'>
356,Severnyy,50.68,36.55,46.4,87,100,8.95,RU,<class 'datetime.date'>
357,Smidovich,48.6,133.82,52.81,74,100,9.1,RU,<class 'datetime.date'>
358,Ladispoli,41.95,12.07,59.14,93,100,2.24,IT,<class 'datetime.date'>
359,Vershino-Shakhtaminskiy,51.3,117.89,47.43,44,38,13.13,RU,<class 'datetime.date'>
360,Waingapu,-9.66,120.26,84.96,66,4,15.03,ID,<class 'datetime.date'>
361,Severo-Yeniseyskiy,60.37,93.04,56.84,50,1,8.46,RU,<class 'datetime.date'>
362,Matagami,49.75,-77.63,26.6,92,90,11.41,CA,<class 'datetime.date'>
363,Jacareacanga,-6.22,-57.75,74.57,96,100,0.51,BR,<class 'datetime.date'>
364,Broome,42.25,-75.83,31.32,97,90,9.17,US,<class 'datetime.date'>
365,Pitimbu,-7.47,-34.81,73.4,94,5,4.7,BR,<class 'datetime.date'>
366,Ayamé,5.61,-3.16,76.24,96,28,2.57,CI,<class 'datetime.date'>
367,Nokaneng,-19.67,22.27,57.76,61,0,7.78,BW,<class 'datetime.date'>
368,Griffith,41.53,-87.42,48.67,52,1,11.43,US,<class 'datetime.date'>
369,Santa Maria da Vitória,-13.39,-44.19,66.09,79,73,4.92,BR,<class 'datetime.date'>
370,Altay,47.87,88.12,63.43,26,0,5.93,CN,<class 'datetime.date'>
371,Palaia Fokaia,37.72,23.95,56.59,87,0,2.24,GR,<class 'datetime.date'>
372,Pareora,-44.49,171.21,53.01,83,82,8.61,NZ,<class 'datetime.date'>
373,Twentynine Palms,34.14,-116.05,82.9,21,1,19.46,US,<class 'datetime.date'>
374,Rundu,-17.93,19.77,57.96,45,79,7.45,NA,<class 'datetime.date'>
375,Burlington,39.88,-74.64,40.26,44,1,10.29,US,<class 'datetime.date'>
376,Basco,20.45,121.97,84.04,72,52,7.54,PH,<class 'datetime.date'>
377,Motomiya,37.52,140.4,64.74,100,75,9.17,JP,<class 'datetime.date'>
378,Zuwārah,32.93,12.08,78.4,34,100,11.12,LY,<class 'datetime.date'>
379,Lorengau,-2.02,147.27,86.9,69,3,10.11,PG,<class 'datetime.date'>
380,Lyubim,58.36,40.68,50.04,76,99,9.55,RU,<class 'datetime.date'>
381,Marsh Harbour,26.54,-77.06,77.23,75,100,11.63,BS,<class 'datetime.date'>
382,Atambua,-9.11,124.89,83.28,59,22,2.53,ID,<class 'datetime.date'>
383,Wyndham,37.7,-77.61,37.09,64,1,3.53,US,<class 'datetime.date'>
384,Kangalassy,62.35,129.96,41.0,41,58,4.47,RU,<class 'datetime.date'>
385,Erice,38.04,12.59,62.6,82,100,4.7,IT,<class 'datetime.date'>
386,Shizunai-furukawachō,42.33,142.37,52.5,87,100,13.2,JP,<class 'datetime.date'>
387,Saint-Pierre,-21.34,55.48,69.48,83,75,11.41,RE,<class 'datetime.date'>
388,Mackay,-21.15,149.2,80.89,65,0,9.17,AU,<class 'datetime.date'>
389,Lamar,33.67,-95.58,54.39,71,1,4.7,US,<class 'datetime.date'>
390,Mahon,39.89,4.27,62.6,100,40,12.75,ES,<class 'datetime.date'>
391,Mareeba,-17.0,145.43,78.26,55,57,7.0,AU,<class 'datetime.date'>
392,Tokmak,47.25,35.71,49.93,74,17,6.08,UA,<class 'datetime.date'>
393,Belmonte,-15.86,-38.88,68.0,88,75,6.93,BR,<class 'datetime.date'>
394,Maltahöhe,-24.83,16.98,56.28,38,0,5.48,NA,<class 'datetime.date'>
395,Tadine,-21.55,167.88,74.16,69,20,12.19,NC,<class 'datetime.date'>
396,Karratha,-20.74,116.85,89.08,19,86,20.78,AU,<class 'datetime.date'>
397,Amapá,1.0,-52.0,72.55,98,78,2.04,BR,<class 'datetime.date'>
398,Marzuq,14.4,46.47,79.75,18,71,2.84,YE,<class 'datetime.date'>
399,Lancaster,40.25,-76.25,34.84,59,1,6.93,US,<class 'datetime.date'>
400,Saint-Leu,-21.15,55.28,68.68,83,75,11.41,RE,<class 'datetime.date'>
401,Arlit,18.74,7.39,81.52,13,0,7.4,NE,<class 'datetime.date'>
402,Djibouti,11.5,42.5,87.8,74,1,9.98,DJ,<class 'datetime.date'>
403,Pangody,65.85,74.49,34.88,87,95,11.3,RU,<class 'datetime.date'>
404,Hohhot,40.81,111.65,55.4,22,20,17.9,CN,<class 'datetime.date'>
405,Paignton,50.44,-3.57,51.44,9,99,7.7,GB,<class 'datetime.date'>
406,Matamoros,25.53,-103.25,75.0,45,0,3.0,MX,<class 'datetime.date'>
407,Zhezkazgan,47.8,67.71,59.0,100,90,4.47,KZ,<class 'datetime.date'>
408,Pineville,31.32,-92.43,58.84,67,90,6.93,US,<class 'datetime.date'>
409,Jaumave,23.42,-99.38,73.99,59,74,5.01,MX,<class 'datetime.date'>
410,Ola,59.58,151.28,44.69,57,99,17.47,RU,<class 'datetime.date'>
411,Pocatello,42.87,-112.45,53.82,37,1,5.82,US,<class 'datetime.date'>
412,Novi Bečej,45.6,20.14,55.0,76,6,2.39,RS,<class 'datetime.date'>
413,Lingao,19.91,109.69,92.35,57,18,6.62,CN,<class 'datetime.date'>
414,Grand-Lahou,5.14,-5.02,80.2,88,95,10.22,CI,<class 'datetime.date'>
415,Tarsus,36.92,34.88,62.65,88,20,3.36,TR,<class 'datetime.date'>
416,Laas,46.62,10.7,50.16,100,75,6.93,IT,<class 'datetime.date'>
417,Yenagoa,4.92,6.26,77.63,93,100,2.68,NG,<class 'datetime.date'>
418,Iwaki,37.05,140.88,67.14,83,59,1.01,JP,<class 'datetime.date'>
419,Atar,20.52,-13.05,81.23,15,75,10.87,MR,<class 'datetime.date'>
420,Togul,53.47,85.91,70.52,31,0,9.69,RU,<class 'datetime.date'>
421,Acaraú,-2.89,-40.12,76.15,85,43,4.63,BR,<class 'datetime.date'>
422,Buraidah,26.33,43.98,77.0,41,20,19.46,SA,<class 'datetime.date'>
423,Oktyabr'skoye,43.06,44.74,48.09,100,100,2.24,RU,<class 'datetime.date'>
424,Llanelli,51.68,-4.16,56.53,82,93,5.82,GB,<class 'datetime.date'>
425,Oodweyne,9.41,45.06,74.57,63,77,4.14,SO,<class 'datetime.date'>
426,Alice Springs,-23.7,133.88,64.4,25,0,16.11,AU,<class 'datetime.date'>
427,Verkhnyaya Inta,65.98,60.31,41.9,94,100,6.38,RU,<class 'datetime.date'>
428,Sokodé,8.98,1.13,73.62,91,86,2.53,TG,<class 'datetime.date'>
429,Kidal,18.44,1.41,76.91,16,0,0.54,ML,<class 'datetime.date'>
430,Moramanga,-18.93,48.2,60.66,91,91,4.83,MG,<class 'datetime.date'>
431,Tokur,53.13,132.9,54.21,55,87,11.01,RU,<class 'datetime.date'>
432,Derzhavīnsk,51.1,66.32,69.6,57,91,10.51,KZ,<class 'datetime.date'>
433,Tarakan,3.3,117.63,83.53,76,97,1.21,ID,<class 'datetime.date'>
434,Carballo,43.21,-8.69,53.26,88,57,3.74,ES,<class 'datetime.date'>
435,Kushima,31.46,131.23,74.25,88,90,12.75,JP,<class 'datetime.date'>
436,Zliten,32.47,14.57,68.95,48,74,14.9,LY,<class 'datetime.date'>
437,Umluj,25.02,37.27,74.91,34,100,10.63,SA,<class 'datetime.date'>
438,Black River,18.03,-77.85,82.47,70,20,4.7,JM,<class 'datetime.date'>
439,Pangoa,-12.12,-73.0,66.04,85,92,2.15,PE,<class 'datetime.date'>
440,Gimli,50.63,-96.99,39.29,50,87,11.99,CA,<class 'datetime.date'>
441,Ust-Tsilma,65.44,52.15,48.79,73,1,3.83,RU,<class 'datetime.date'>
442,Smolenka,52.14,113.5,55.4,28,40,20.13,RU,<class 'datetime.date'>
443,Kitui,-1.37,38.01,64.87,92,93,3.27,KE,<class 'datetime.date'>
444,Aberdeen,57.14,-2.1,35.4,93,40,12.75,GB,<class 'datetime.date'>
445,Bongor,10.28,15.37,83.48,57,47,7.36,TD,<class 'datetime.date'>
446,Quang Ngai,15.12,108.8,94.93,49,91,9.95,VN,<class 'datetime.date'>
447,Panjāb,34.39,67.02,53.31,47,0,2.19,AF,<class 'datetime.date'>
448,Nova Londrina,-22.77,-52.98,60.78,87,0,9.64,BR,<class 'datetime.date'>
449,Bambous Virieux,-20.34,57.76,75.56,73,40,13.87,MU,<class 'datetime.date'>
450,Westport,41.14,-73.36,35.6,64,1,9.17,US,<class 'datetime.date'>
451,Sibolga,1.74,98.78,88.16,59,98,3.67,ID,<class 'datetime.date'>
452,Cairns,-16.92,145.77,83.59,48,75,13.87,AU,<class 'datetime.date'>
453,Kirakira,-10.45,161.92,84.22,73,56,10.6,SB,<class 'datetime.date'>
454,Nandu,22.85,110.82,89.78,66,87,3.49,CN,<class 'datetime.date'>
455,Waterford,42.7,-83.4,42.46,53,52,7.0,US,<class 'datetime.date'>
456,Noumea,-22.28,166.46,77.63,69,65,4.7,NC,<class 'datetime.date'>
457,Kamenka,51.32,42.77,47.5,91,0,8.99,RU,<class 'datetime.date'>
458,Lagoa,39.05,-27.98,59.11,71,46,28.14,PT,<class 'datetime.date'>
459,Poconé,-16.26,-56.62,67.86,87,0,3.62,BR,<class 'datetime.date'>
460,Mitú,1.2,-70.17,71.94,98,100,2.13,CO,<class 'datetime.date'>
461,Henties Bay,-22.12,14.28,69.08,45,0,2.28,NA,<class 'datetime.date'>
462,Semey,50.41,80.23,69.8,35,7,6.71,KZ,<class 'datetime.date'>
463,Fort Nelson,58.81,-122.7,46.4,42,20,9.17,CA,<class 'datetime.date'>
464,Vengerovo,55.68,76.75,72.91,40,0,8.28,RU,<class 'datetime.date'>
465,Imatra,61.17,28.75,37.78,77,6,4.7,FI,<class 'datetime.date'>
466,Jardim,-21.48,-56.14,60.12,65,0,4.41,BR,<class 'datetime.date'>
467,Moratuwa,6.77,79.88,86.0,84,20,2.24,LK,<class 'datetime.date'>
468,Tshikapa,-6.42,20.8,71.29,84,100,2.17,CD,<class 'datetime.date'>
469,Gizo Government Station,-8.1,156.84,84.42,79,72,12.08,SB,<class 'datetime.date'>
470,Vitim,59.45,112.56,43.57,91,100,7.85,RU,<class 'datetime.date'>
471,Carlyle,38.61,-89.37,51.71,64,87,1.01,US,<class 'datetime.date'>
472,Manokwari,-0.87,134.08,85.51,74,88,6.35,ID,<class 'datetime.date'>
473,Āsasa,7.1,39.2,55.8,81,76,2.39,ET,<class 'datetime.date'>
474,Ile-Ife,7.47,4.57,75.87,99,100,0.65,NG,<class 'datetime.date'>
475,Ust'-Omchug,61.15,149.63,31.98,94,100,11.41,RU,<class 'datetime.date'>
476,Ruidoso,33.33,-105.67,61.92,25,1,12.75,US,<class 'datetime.date'>
477,Winslow,35.02,-110.7,75.2,22,1,4.7,US,<class 'datetime.date'>
478,Kankan,10.39,-9.31,77.27,79,100,8.77,GN,<class 'datetime.date'>
479,Prado,-17.34,-39.22,68.85,86,26,9.6,BR,<class 'datetime.date'>
480,Mildura,-34.2,142.15,57.58,54,40,6.93,AU,<class 'datetime.date'>
481,Nyeri,-0.42,36.95,60.26,91,98,4.25,KE,<class 'datetime.date'>
482,Klamath Falls,42.22,-121.78,63.45,42,1,8.05,US,<class 'datetime.date'>
483,Soligalich,59.08,42.29,49.21,79,98,8.75,RU,<class 'datetime.date'>
484,Khovu-Aksy,51.13,93.6,57.81,32,0,1.79,RU,<class 'datetime.date'>
485,Mizdah,31.45,12.98,71.26,30,71,4.85,LY,<class 'datetime.date'>
486,Banjar,-8.19,114.97,84.2,89,40,11.41,ID,<class 'datetime.date'>
487,Wajima,37.4,136.9,73.4,73,75,16.11,JP,<class 'datetime.date'>
488,Llandrindod Wells,52.24,-3.38,48.63,88,97,4.9,GB,<class 'datetime.date'>
489,Liuzhou,24.31,109.39,85.8,66,85,8.59,CN,<class 'datetime.date'>
490,Chapais,49.78,-74.85,24.8,79,90,6.93,CA,<class 'datetime.date'>
491,Esmeralda,21.85,-78.12,77.13,88,87,4.83,CU,<class 'datetime.date'>
492,Buncrana,55.13,-7.45,44.31,80,98,10.6,IE,<class 'datetime.date'>
493,Zhuanghe,39.7,122.99,74.55,37,0,13.15,CN,<class 'datetime.date'>
494,Ossora,59.24,163.07,35.92,92,100,7.23,RU,<class 'datetime.date'>
495,Samarai,-10.62,150.67,81.05,81,88,13.89,PG,<class 'datetime.date'>
496,North Bend,43.41,-124.22,55.67,93,90,5.82,US,<class 'datetime.date'>
497,Letlhakane,-21.42,25.58,53.73,85,0,10.04,BW,<class 'datetime.date'>
498,Meadow Lake,34.8,-106.54,69.37,11,75,3.36,US,<class 'datetime.date'>
499,Whitehorse,60.72,-135.05,64.6,24,20,8.05,CA,<class 'datetime.date'>
500,Houma,29.6,-90.72,60.73,72,1,4.47,US,<class 'datetime.date'>
501,Suleja,9.18,7.18,73.71,87,100,3.15,NG,<class 'datetime.date'>
502,Recco,44.36,9.14,60.62,64,100,4.92,IT,<class 'datetime.date'>
503,San Cristobal,7.77,-72.22,66.42,88,97,3.4,VE,<class 'datetime.date'>
504,Hamilton,39.18,-84.53,40.24,86,1,2.93,US,<class 'datetime.date'>
505,Apricena,41.78,15.44,58.03,100,75,5.82,IT,<class 'datetime.date'>
506,Ryōtsu-minato,38.08,138.43,69.8,77,75,2.24,JP,<class 'datetime.date'>
507,Ugra,54.78,34.33,48.0,76,79,4.65,RU,<class 'datetime.date'>
508,Dhidhdhoo,6.88,73.1,83.71,76,100,5.75,MV,<class 'datetime.date'>
509,Bousso,10.48,16.71,83.07,61,21,3.06,TD,<class 'datetime.date'>
510,Tupik,54.43,119.93,48.96,45,86,12.84,RU,<class 'datetime.date'>
511,Quatre Cocos,-20.21,57.76,75.61,73,40,13.87,MU,<class 'datetime.date'>
512,Karpogory,64.0,44.45,46.74,70,39,4.61,RU,<class 'datetime.date'>
513,Flic en Flac,-20.27,57.36,75.61,73,40,13.87,MU,<class 'datetime.date'>
514,Tomatlán,19.93,-105.25,73.44,75,0,1.66,MX,<class 'datetime.date'>
515,Poção de Pedras,-4.67,-44.85,73.4,92,84,1.3,BR,<class 'datetime.date'>
516,Guerrero Negro,27.98,-114.06,65.5,80,0,14.9,MX,<class 'datetime.date'>
517,Tongchuanshi,35.08,109.09,71.98,27,0,6.2,CN,<class 'datetime.date'>
518,Owando,-0.48,15.9,70.77,98,100,1.52,CG,<class 'datetime.date'>
519,Kununurra,-15.77,128.73,95.0,20,5,14.99,AU,<class 'datetime.date'>
520,Binga,-17.62,27.34,63.19,67,15,2.93,ZW,<class 'datetime.date'>
521,Clarksville,36.53,-87.36,46.8,81,1,1.83,US,<class 'datetime.date'>
522,Inírida,3.87,-67.92,73.98,93,98,1.97,CO,<class 'datetime.date'>
523,Guarapari,-20.67,-40.5,63.34,93,40,1.12,BR,<class 'datetime.date'>
524,Lethem,3.38,-59.8,78.71,72,24,9.98,GY,<class 'datetime.date'>
525,Poso,-1.4,120.75,89.71,54,98,2.13,ID,<class 'datetime.date'>
526,Eenhana,-17.47,16.33,66.07,43,90,5.93,NA,<class 'datetime.date'>
527,Salina Cruz,16.17,-95.2,83.91,70,99,3.58,MX,<class 'datetime.date'>
528,Boli,45.77,130.52,63.91,54,29,9.01,CN,<class 'datetime.date'>
529,Mazara del Vallo,37.66,12.59,61.16,82,100,4.7,IT,<class 'datetime.date'>
530,Port Lincoln,-34.73,135.87,61.66,53,2,9.57,AU,<class 'datetime.date'>
531,Shenjiamen,29.96,122.3,63.46,92,100,5.75,CN,<class 'datetime.date'>
532,Elko,41.0,-115.5,59.5,19,1,3.58,US,<class 'datetime.date'>
533,Geraldton,-28.77,114.6,80.6,21,74,10.29,AU,<class 'datetime.date'>
534,Sioux Falls,43.55,-96.7,38.08,80,90,25.28,US,<class 'datetime.date'>
535,Egvekinot,66.32,-179.17,32.58,100,100,17.38,RU,<class 'datetime.date'>
536,Baltiysk,54.65,19.91,35.6,93,1,2.24,RU,<class 'datetime.date'>
537,Ostroh,50.33,26.51,44.6,87,48,4.47,UA,<class 'datetime.date'>
538,Muros,42.78,-9.06,54.0,92,17,3.0,ES,<class 'datetime.date'>
539,Tangermünde,52.54,11.98,50.22,68,6,1.01,DE,<class 'datetime.date'>
540,Khromtau,50.25,58.43,61.5,68,73,14.0,KZ,<class 'datetime.date'>
541,Tsiroanomandidy,-18.77,46.03,64.81,87,98,2.46,MG,<class 'datetime.date'>
542,Rosa,45.93,12.87,58.5,71,100,2.1,IT,<class 'datetime.date'>
543,Mindelo,16.89,-24.98,73.4,69,90,26.4,CV,<class 'datetime.date'>
544,Yar-Sale,66.83,70.83,33.93,97,100,7.83,RU,<class 'datetime.date'>
545,Zabid,14.2,43.32,88.84,46,69,8.79,YE,<class 'datetime.date'>
546,Lubango,-14.92,13.49,56.16,57,100,2.71,AO,<class 'datetime.date'>
547,Alberton,46.82,-64.07,32.0,61,100,27.74,CA,<class 'datetime.date'>
548,Mehamn,71.04,27.85,30.13,90,72,9.33,NO,<class 'datetime.date'>
549,La Palma,33.85,-118.05,64.99,72,1,5.82,US,<class 'datetime.date'>
550,Mananara,-16.17,49.77,71.69,87,35,5.23,MG,<class 'datetime.date'>
551,Kiunga,-6.12,141.29,85.23,79,92,3.06,PG,<class 'datetime.date'>
552,Tambovka,50.1,128.05,57.2,50,40,17.9,RU,<class 'datetime.date'>
553,Mâncio Lima,-7.61,-72.9,70.38,79,57,0.49,BR,<class 'datetime.date'>
554,Berdigestyakh,62.1,126.7,44.56,52,0,3.36,RU,<class 'datetime.date'>
555,Meadville,41.64,-80.15,40.28,48,90,8.05,US,<class 'datetime.date'>
556,Aktas,49.78,72.96,66.2,39,100,6.71,KZ,<class 'datetime.date'>
557,Taunggyi,20.78,97.03,89.47,30,0,2.62,MM,<class 'datetime.date'>
558,Zyryanovsk,49.74,84.27,71.96,32,0,0.36,KZ,<class 'datetime.date'>
559,Penzance,50.12,-5.54,55.33,71,36,6.93,GB,<class 'datetime.date'>
560,Chennai,13.09,80.28,88.52,74,40,5.82,IN,<class 'datetime.date'>
561,Talara,-4.58,-81.27,72.95,78,21,16.22,PE,<class 'datetime.date'>
562,Curup,-3.47,102.53,84.4,57,46,4.09,ID,<class 'datetime.date'>
563,Manyana,-23.4,21.72,54.66,60,0,7.7,BW,<class 'datetime.date'>
564,Shaoyang,27.23,111.45,71.02,72,77,5.01,CN,<class 'datetime.date'>
565,Ojinaga,29.57,-104.42,78.15,18,1,12.75,MX,<class 'datetime.date'>
566,Stephenville,32.22,-98.2,58.68,63,1,5.82,US,<class 'datetime.date'>
567,Shirokiy,49.76,129.52,68.27,37,0,9.53,RU,<class 'datetime.date'>
568,Athabasca,54.72,-113.29,39.15,74,99,6.11,CA,<class 'datetime.date'>
569,Nanortalik,60.14,-45.24,39.45,71,12,18.84,GL,<class 'datetime.date'>
570,Bahía Solano,6.23,-77.4,80.6,83,100,1.34,CO,<class 'datetime.date'>
571,Esim,4.87,-2.24,80.33,89,99,7.29,GH,<class 'datetime.date'>
572,Ilabaya,-17.42,-70.51,66.61,54,66,0.74,PE,<class 'datetime.date'>
573,Uberaba,-19.75,-47.93,60.37,76,0,10.4,BR,<class 'datetime.date'>
574,Vostok,46.49,135.88,45.39,93,100,3.96,RU,<class 'datetime.date'>
575,Zabaykal'sk,49.63,117.32,53.6,34,0,22.28,RU,<class 'datetime.date'>
576,Calama,-22.47,-68.93,50.0,19,12,12.75,CL,<class 'datetime.date'>
577,Malindi,-3.22,40.12,78.91,82,100,20.02,KE,<class 'datetime.date'>
578,Provost,52.35,-110.27,40.46,71,89,4.34,CA,<class 'datetime.date'>
579,Kamari,36.8,25.82,62.6,44,0,1.01,GR,<class 'datetime.date'>
580,Antofagasta,-23.65,-70.4,60.8,77,90,3.36,CL,<class 'datetime.date'>
581,Barkhan,29.9,69.53,88.97,15,0,8.88,PK,<class 'datetime.date'>
582,Riyadh,24.69,46.72,82.4,32,100,11.41,SA,<class 'datetime.date'>
583,Victoria Point,-27.58,153.3,78.6,57,93,4.56,AU,<class 'datetime.date'>
584,Kousséri,12.08,15.03,80.6,61,8,3.36,CM,<class 'datetime.date'>
585,Hare Bay,48.85,-54.01,47.21,100,90,19.46,CA,<class 'datetime.date'>
586,Leh,34.17,77.58,44.04,54,49,3.38,IN,<class 'datetime.date'>
587,Palmer,42.16,-72.33,33.53,51,1,12.75,US,<class 'datetime.date'>
588,Gelemso,8.82,40.52,63.18,87,70,3.44,ET,<class 'datetime.date'>
